<?xml version="1.0" encoding="UTF-8"?>
<GenRun Id="synth_1" LaunchPart="xc7z020clg484-1" LaunchTime="1579140190">
  <File Type="RDS-PROPCONSTRS" Name="xadx_dma_wrapper_drc_synth.rpt"/>
  <File Type="PA-TCL" Name="xadx_dma_wrapper.tcl"/>
  <File Type="RUN-STRAT" Name="$PDATADIR/runs/synth_1/synth_1.psg"/>
  <File Type="RDS-RDS" Name="xadx_dma_wrapper.vds"/>
  <File Type="RUN-SRCS" Name="$PDATADIR/runs/synth_1/sources.xml"/>
  <File Type="VDS-TIMINGSUMMARY" Name="xadx_dma_wrapper_timing_summary_synth.rpt"/>
  <File Type="VDS-TIMING-PB" Name="xadx_dma_wrapper_timing_summary_synth.pb"/>
  <File Type="RDS-DCP" Name="xadx_dma_wrapper.dcp"/>
  <File Type="RDS-UTIL-PB" Name="xadx_dma_wrapper_utilization_synth.pb"/>
  <File Type="RDS-UTIL" Name="xadx_dma_wrapper_utilization_synth.rpt"/>
  <File Type="RUN-CONSTRS" Name="$PDATADIR/runs/synth_1/constrs_in.xml"/>
  <FileSet Name="sources" Type="DesignSrcs" RelSrcDir="$PSRCDIR/sources_1">
    <Filter Type="Srcs"/>
    <File Path="$PSRCDIR/sources_1/bd/xadx_dma/xadx_dma.bd">
      <FileInfo>
        <Attr Name="ImportPath" Val="$PPRDIR/../../../../Documents/xadc_ex_dma/xadc_ex_dma.srcs/sources_1/bd/xadx_dma/xadx_dma.bd"/>
        <Attr Name="ImportTime" Val="1579140129"/>
        <Attr Name="UsedIn" Val="synthesis"/>
        <Attr Name="UsedIn" Val="implementation"/>
        <Attr Name="UsedIn" Val="simulation"/>
      </FileInfo>
    </File>
    <File Path="$PSRCDIR/sources_1/bd/xadx_dma/hdl/xadx_dma_wrapper.vhd">
      <FileInfo>
        <Attr Name="ImportPath" Val="$PPRDIR/../../../../Documents/xadc_ex_dma/xadc_ex_dma.srcs/sources_1/bd/xadx_dma/hdl/xadx_dma_wrapper.vhd"/>
        <Attr Name="ImportTime" Val="1579140153"/>
        <Attr Name="UsedIn" Val="synthesis"/>
        <Attr Name="UsedIn" Val="simulation"/>
      </FileInfo>
    </File>
    <Config>
      <Option Name="DesignMode" Val="RTL"/>
      <Option Name="TopModule" Val="xadx_dma_wrapper"/>
      <Option Name="TopAutoSet" Val="TRUE"/>
    </Config>
  </FileSet>
  <FileSet Name="constrs_in" Type="Constrs" RelSrcDir="$PSRCDIR/constrs_1">
    <Filter Type="Constrs"/>
    <Config>
      <Option Name="ConstrsType" Val="XDC"/>
    </Config>
  </FileSet>
  <Strategy Version="1" Minor="2">
    <StratHandle Name="Vivado Synthesis Defaults" Flow="Vivado Synthesis 2015"/>
    <Step Id="synth_design"/>
  </Strategy>
</GenRun>
